sample_id,read_count
magic.0001,0
magic.0004,0
magic.0006,2
magic.0007,0
magic.0008,0
magic.0010,0
magic.0011,0
magic.0012,0
magic.0013,0
magic.0014,3
magic.0015,0
magic.0016,0
magic.0017,0
magic.0018,3
magic.0019,10
magic.0020,0
magic.0021,0
magic.0022,2
magic.0023,3
magic.0024,1
magic.0025,1
magic.0026,0
magic.0027,1
magic.0028,0
magic.0030,1
magic.0031,0
magic.0033,5
magic.0034,10
magic.0035,0
magic.0037,2
magic.0038,0
magic.0039,0
magic.0040,0
magic.0041,0
magic.0042,2
magic.0043,13
magic.0044,0
magic.0045,1
magic.0046,0
magic.0048,0
magic.0049,5
magic.0050,0
magic.0051,0
magic.0052,4
magic.0053,0
magic.0059,0
magic.0060,2
magic.0062,0
magic.0063,0
magic.0064,0
magic.0068,873
magic.0070,0
magic.0071,0
magic.0072,0
magic.0073,0
magic.0074,1
magic.0075,0
magic.0077,0
magic.0078,0
magic.0079,0
magic.0080,0
magic.0081,0
magic.0083,1
magic.0084,0
magic.0085,2
magic.0089,14
magic.0094,64
magic.0096,41
magic.0097,0
magic.0100,0
magic.0101,0
magic.0103,1
magic.0104,0
magic.0106,0
magic.0107,2
magic.0108,8
magic.0109,0
magic.0110,0
magic.0111,4
magic.0112,0
magic.0113,3
magic.0115,88
magic.0116,0
magic.0117,1
magic.0119,0
magic.0120,0
magic.0121,5
magic.0122,10
magic.0123,3
magic.0124,0
magic.0125,3
magic.0128,4
magic.0131,2
magic.0132,0
magic.0133,1
magic.0134,0
magic.0135,11
magic.0136,0
magic.0140,46
magic.0141,0
magic.0142,2
magic.0143,0
magic.0145,0
magic.0146,0
magic.0148,0
magic.0149,0
magic.0150,0
magic.0151,0
magic.0152,1
magic.0154,0
magic.0156,0
magic.0158,3
magic.0159,0
magic.0162,0
magic.0164,0
magic.0166,0
magic.0167,2
magic.0168,0
magic.0170,0
magic.0171,0
magic.0172,5
magic.0173,2
magic.0174,1
magic.0175,0
magic.0176,2
magic.0178,1
magic.0179,0
magic.0180,3
magic.0182,8
magic.0183,1
magic.0185,0
magic.0186,0
magic.0189,0
magic.0195,0
magic.0197,0
magic.0200,1
magic.0203,0
magic.0205,0
magic.0208,0
magic.0213,0
magic.0214,3
magic.0215,1
magic.0216,7
magic.0217,0
magic.0218,3
magic.0220,9
magic.0221,0
magic.0225,2
magic.0227,1
magic.0228,0
magic.0230,0
magic.0231,1
magic.0232,0
magic.0233,1
magic.0234,2
magic.0235,0
magic.0236,1
magic.0238,1
magic.0240,0
magic.0242,0
magic.0243,0
magic.0244,0
magic.0245,4
magic.0246,0
magic.0247,0
magic.0249,0
magic.0251,0
magic.0253,3
magic.0255,8
magic.0258,0
magic.0260,0
magic.0261,0
magic.0263,1
magic.0264,7
magic.0265,3
magic.0266,2
magic.0268,0
magic.0269,0
magic.0270,4
magic.0271,2
magic.0272,0
magic.0273,25
magic.0275,0
magic.0276,0
magic.0277,5
magic.0278,0
magic.0279,3
magic.0281,7
magic.0283,0
magic.0284,2
magic.0287,0
magic.0288,0
magic.0290,0
magic.0291,3
magic.0293,5
magic.0298,0
magic.0300,0
magic.0302,0
magic.0303,0
magic.0304,8
magic.0305,0
magic.0307,0
magic.0308,0
magic.0309,19
magic.0311,2
magic.0312,4
magic.0313,6
magic.0314,5
magic.0315,0
magic.0316,1
magic.0317,0
magic.0318,0
magic.0319,2
magic.0320,0
magic.0321,9
magic.0322,0
magic.0324,5
magic.0325,18
magic.0327,6
magic.0328,1
magic.0330,1
magic.0331,5
magic.0333,0
magic.0334,1
magic.0335,0
magic.0336,14
magic.0337,0
magic.0339,1
magic.0340,0
magic.0341,2
magic.0342,0
magic.0343,1
magic.0344,0
magic.0348,0
magic.0349,2
magic.0351,0
magic.0353,0
magic.0358,0
magic.0360,14
magic.0361,1
magic.0363,1
magic.0364,0
magic.0365,12
magic.0367,0
magic.0368,1
magic.0369,2
magic.0370,0
magic.0372,4
magic.0374,0
magic.0375,0
magic.0377,1
magic.0378,0
magic.0379,0
magic.0380,0
magic.0385,47
magic.0386,5
magic.0387,3
magic.0389,10
magic.0390,2
magic.0392,0
magic.0394,0
magic.0395,1
magic.0396,0
magic.0397,0
magic.0398,0
magic.0399,0
magic.0400,0
magic.0401,0
magic.0402,0
magic.0403,2
magic.0406,0
magic.0408,0
magic.0409,4
magic.0410,0
magic.0411,0
magic.0413,0
magic.0414,0
magic.0415,0
magic.0416,6
magic.0417,0
magic.0418,0
magic.0419,0
magic.0420,0
magic.0421,10
magic.0422,0
magic.0423,0
magic.0426,0
magic.0427,0
magic.0428,0
magic.0429,0
magic.0430,0
magic.0431,0
magic.0432,0
magic.0433,0
magic.0434,1
magic.0435,1
magic.0436,0
magic.0437,5
magic.0438,0
magic.0439,0
magic.0440,0
magic.0441,0
magic.0442,0
magic.0444,0
magic.0445,0
magic.0447,0
magic.0448,1
magic.0449,1
magic.0450,0
magic.0451,0
magic.0452,0
magic.0453,2
magic.0455,3
magic.0456,0
magic.0457,2
magic.0458,0
magic.0459,0
magic.0460,1
magic.0461,0
magic.0462,0
magic.0464,0
magic.0465,0
magic.0467,0
magic.0470,0
magic.0471,0
magic.0472,0
magic.0473,0
magic.0475,0
magic.0477,1
magic.0478,1
magic.0480,0
magic.0481,5
magic.0482,1
magic.0484,0
magic.0485,2
magic.0487,0
magic.0490,9
magic.0493,181
magic.0495,10
magic.0496,0
magic.0497,2
magic.0498,1
magic.0499,0
magic.0500,0
magic.0502,0
magic.0503,2
magic.0506,0
magic.0512,0
magic.0513,0
magic.0514,0
magic.0515,2
magic.0516,0
magic.0517,0
magic.0518,0
magic.0519,0
magic.0520,0
magic.0522,1
magic.0524,5
magic.0525,4
magic.0526,0
magic.0527,0
magic.0529,0
magic.0531,0
magic.0532,0
magic.0533,0
magic.0534,0
magic.0535,0
magic.0536,0
magic.0537,0
magic.0538,2
magic.0539,1
magic.0541,0
magic.0542,0
magic.0543,0
magic.0544,0
magic.0546,0
magic.0547,0
magic.0548,0
magic.0549,0
magic.0551,0
magic.0552,0
magic.0553,0
magic.0554,0
magic.0555,1
magic.0558,0
magic.0559,0
magic.0560,0
magic.0561,0
magic.0563,0
magic.0564,0
magic.0569,0
magic.0570,0
magic.0571,0
magic.0572,1
magic.0573,0
magic.0574,0
magic.0577,0
magic.0579,0
magic.0580,0
magic.0583,0
magic.0584,8
magic.0585,0
magic.0587,1
magic.0588,0
magic.0589,35
magic.0590,0
magic.0592,0
magic.0593,0
magic.0594,0
magic.0597,0
magic.0600,0
magic.0601,1
magic.0602,0
magic.0604,0
magic.0605,0
magic.0606,0
magic.0608,1
magic.0609,0
magic.0610,0
magic.0612,1
magic.0614,0
magic.0615,0
magic.0618,0
magic.0619,1
magic.0620,0
magic.0621,0
magic.0622,0
magic.0624,0
magic.0625,0
magic.0626,0
magic.0627,4
magic.0628,0
magic.0630,1
magic.0631,0
magic.0632,0
magic.0633,0
magic.0634,0
magic.0635,5
magic.0637,1
magic.0638,0
magic.0640,0
magic.0643,0
magic.0644,0
magic.0645,0
magic.0646,0
magic.0647,0
magic.0648,0
magic.0649,0
magic.0651,0
magic.0652,0
magic.0653,0
magic.0654,0
magic.0655,0
magic.0656,0
magic.0657,2
magic.0658,0
magic.0659,0
magic.0662,0
magic.0663,0
magic.0664,3
magic.0665,1
magic.0666,0
magic.0667,0
magic.0671,0
magic.0672,0
magic.0673,0
magic.0674,0
magic.0676,0
magic.0677,0
magic.0678,0
magic.0679,1
magic.0680,0
magic.0681,0
magic.0683,0
magic.0684,0
magic.0687,3
magic.0690,0
magic.0691,0
magic.0692,0
magic.0694,0
magic.0695,1
magic.0696,1
magic.0697,1
magic.0699,5
magic.0700,0
magic.0701,0
magic.0703,0
magic.0704,0
magic.0705,9
magic.0706,0
magic.0707,0
magic.0710,0
magic.0711,0
magic.0712,1
magic.0713,0
magic.0714,5
magic.0715,5
magic.0716,0
magic.0717,0
magic.0718,13
magic.0719,0
magic.0721,0
magic.0722,5
magic.0723,2
magic.0724,0
magic.0725,2
magic.0727,1
magic.0729,7
magic.0730,1
magic.0731,0
magic.0732,2
magic.0733,10
magic.0734,2
magic.0735,3
magic.0737,19
magic.0738,0
magic.0739,0
magic.0740,1
magic.0742,66
magic.0743,0
magic.0744,0
magic.0746,0
magic.0747,0
magic.0748,1
magic.0749,0
magic.0752,0
magic.0753,0
magic.0754,11
magic.0755,1
magic.0756,0
magic.0759,1
magic.0761,0
magic.0762,5
magic.0763,0
magic.0765,0
magic.0766,5
magic.0767,0
magic.0768,11
magic.0769,0
magic.0771,1
magic.0772,0
magic.0773,0
magic.0775,10
magic.0777,0
magic.0778,0
magic.0779,0
magic.0780,0
magic.0781,0
magic.0782,0
magic.0783,3
magic.0784,0
magic.0785,0
magic.0786,0
magic.0788,0
magic.0790,0
magic.0792,1
magic.0794,0
magic.0795,3
magic.0796,0
magic.0797,0
magic.0800,2
magic.0802,2
magic.0803,0
magic.0806,0
magic.0807,2
magic.0808,0
magic.0811,0
magic.0812,0
magic.0813,3
magic.0814,0
magic.0815,1
magic.0816,2
magic.0817,0
magic.0818,0
magic.0819,4
magic.0820,1
magic.0821,7
magic.0822,1
magic.0824,0
magic.0825,23
magic.0827,0
magic.0828,0
magic.0829,0
magic.0830,3
magic.0831,3
magic.0832,0
magic.0834,29
magic.0835,0
magic.0836,40
magic.0837,26
magic.0839,0
magic.0840,0
magic.0841,1
magic.0842,0
magic.0844,3
magic.0845,0
magic.0846,0
magic.0847,12
magic.0848,1
magic.0849,1
magic.0850,0
magic.0853,0
magic.0855,0
magic.0856,2
magic.0857,0
magic.0859,0
magic.0860,0
magic.0862,0
magic.0865,1
magic.0866,2
magic.0867,0
magic.0868,0
magic.0870,4
magic.0871,0
magic.0872,4
magic.0873,4
magic.0874,0
magic.0875,6
magic.0876,0
magic.0877,5
magic.0878,0
magic.0879,0
magic.0880,0
magic.0881,0
magic.0882,0
magic.0883,0
magic.0884,0
magic.0885,0
magic.0886,7
magic.0887,0
magic.0888,0
magic.0889,1
magic.0890,0
magic.0891,0
magic.0893,0
magic.0894,0
magic.0895,3
magic.0896,0
magic.0898,0
magic.0901,0
magic.0902,0
magic.0903,0
magic.0904,0
magic.0905,1
magic.0906,0
magic.0908,0
magic.0909,0
magic.0910,0
magic.0911,0
magic.0913,0
magic.0914,0
magic.0916,2
magic.0918,2
magic.0920,1
magic.0921,0
magic.0922,0
magic.0929,0
magic.0930,11
magic.0931,0
magic.0933,0
magic.0934,19
magic.0935,0
magic.0936,2
magic.0937,4
magic.0938,1
magic.0939,0
magic.0940,0
magic.0941,1
magic.0942,1
magic.0943,0
magic.0944,0
magic.0946,0
magic.0947,0
magic.0949,0
magic.0950,0
magic.0951,5
magic.0952,1
magic.0954,2
magic.0955,0
magic.0956,0
magic.0957,0
magic.0959,1
magic.0960,0
magic.0961,0
magic.0962,0
magic.0963,0
magic.0964,1
magic.0966,0
magic.0967,0
magic.0970,0
magic.0972,0
magic.0973,0
magic.0974,0
magic.0975,0
magic.0976,3
magic.0977,2
magic.0978,5
magic.0979,0
magic.0983,0
magic.0985,0
magic.0986,32
magic.0987,0
magic.0988,0
magic.0989,0
magic.0990,0
magic.0991,0
magic.0993,0
magic.0998,0
magic.0999,0
magic.1000,1
magic.1001,0
magic.1002,1
magic.1003,0
magic.1004,1
magic.1005,0
magic.1006,0
magic.1008,0
magic.1009,0
magic.1010,0
magic.1011,2
magic.1013,0
magic.1016,0
magic.1017,0
magic.1018,0
magic.1021,2
magic.1022,0
magic.1023,0
magic.1027,0
magic.1028,0
magic.1029,0
magic.1031,0
magic.1032,2
magic.1033,18
magic.1034,5
magic.1036,0
magic.1037,1
magic.1038,9
magic.1039,0
magic.1040,0
magic.1041,0
magic.1043,0
magic.1044,0
magic.1045,17
magic.1046,0
magic.1047,0
magic.1048,0
magic.1049,0
magic.1050,2
magic.1053,0
magic.1054,1
magic.1056,0
magic.1057,0
magic.1059,0
magic.1061,0
magic.1062,0
magic.1063,0
magic.1064,0
magic.1065,0
magic.1066,0
magic.1068,0
magic.1070,4
magic.1071,0
magic.1074,0
magic.1075,0
magic.1076,3
magic.1078,0
magic.1079,0
magic.1080,0
magic.1081,18
magic.1082,0
magic.1083,0
magic.1085,0
magic.1086,0
magic.1089,0
magic.1090,0
magic.1091,0
magic.1093,0
magic.1094,0
magic.1095,0
magic.1097,5
magic.1099,2
magic.1101,0
magic.1103,21
magic.1104,5
magic.1105,0
magic.1106,0
magic.1109,0
magic.1112,8
magic.1113,0
magic.1114,2
magic.1115,0
magic.1116,0
magic.1118,0
magic.1119,0
magic.1120,5
magic.1121,0
magic.1122,0
magic.1124,0
magic.1126,64
magic.1127,7
magic.1129,0
magic.1130,0
magic.1131,0
magic.1132,0
magic.1133,2
magic.1134,2
magic.1135,0
magic.1136,0
magic.1137,0
magic.1138,0
magic.1139,0
magic.1142,2
magic.1143,0
magic.1144,0
magic.1145,0
magic.1147,0
magic.1150,0
magic.1151,0
magic.1153,0
magic.1154,1
magic.1155,3
magic.1156,0
magic.1157,0
magic.1158,0
magic.1159,1
magic.1160,5
magic.1161,4
magic.1163,1
magic.1169,2
magic.1170,3
magic.1171,16
magic.1172,0
magic.1173,0
magic.1174,0
magic.1175,0
magic.1176,0
magic.1178,0
magic.1179,2
magic.1180,0
magic.1181,0
magic.1182,0
magic.1184,2
magic.1186,1
magic.1187,1
magic.1188,0
magic.1189,0
magic.1190,0
magic.1191,0
magic.1192,15
magic.1194,0
magic.1195,0
magic.1196,1
magic.1197,0
magic.1198,0
magic.1199,0
magic.1200,0
magic.1202,0
magic.1203,8
magic.1204,1
magic.1206,1
magic.1207,0
magic.1208,2
magic.1209,0
magic.1210,0
magic.1213,0
magic.1214,3
magic.1215,0
magic.1216,0
magic.1217,0
magic.1218,0
magic.1220,0
magic.1221,0
magic.1222,0
magic.1223,0
magic.1224,0
magic.1225,0
magic.1226,4
magic.1227,2
magic.1228,1
magic.1230,0
magic.1232,0
magic.1234,5
magic.1235,0
magic.1236,0
magic.1237,8
magic.1238,0
magic.1239,0
magic.1241,1
magic.1242,0
magic.1245,0
magic.1247,0
magic.1248,1
magic.1251,0
magic.1252,0
magic.1254,0
magic.1255,23
magic.1256,1
magic.1257,0
magic.1258,1
magic.1260,2
magic.1261,1
magic.1262,0
magic.1264,0
magic.1265,0
magic.1268,0
magic.1269,2
magic.1271,0
magic.1272,0
magic.1273,2
magic.1274,0
magic.1275,3
magic.1276,0
magic.1277,0
magic.1278,0
magic.1279,3
magic.1280,0
magic.1281,16
magic.1282,2
magic.1283,0
magic.1285,0
magic.1286,1
magic.1287,0
magic.1288,0
magic.1289,0
magic.1290,0
magic.1291,0
magic.1292,0
magic.1293,0
magic.1294,0
magic.1295,4
magic.1296,0
magic.1297,0
magic.1298,0
magic.1300,0
magic.1301,0
magic.1302,0
magic.1303,0
magic.1304,0
magic.1305,0
magic.1306,0
magic.1307,0
magic.1309,0
magic.1310,0
magic.1311,0
magic.1312,1
magic.1313,0
magic.1314,0
magic.1316,0
magic.1317,2
magic.1318,0
magic.1319,0
magic.1320,0
magic.1321,0
magic.1322,5
magic.1323,0
magic.1325,0
magic.1326,0
magic.1327,0
magic.1328,1
magic.1330,0
magic.1331,0
magic.1332,0
magic.1333,0
magic.1334,0
magic.1335,0
magic.1336,0
magic.1337,0
magic.1338,0
magic.1339,0
magic.1341,0
magic.1342,21
magic.1343,0
magic.1345,0
magic.1348,0
magic.1349,0
magic.1351,0
magic.1352,0
magic.1353,0
magic.1354,0
magic.1356,5
magic.1358,0
magic.1360,1
magic.1362,0
magic.1363,3
magic.1365,1
magic.1366,0
magic.1367,0
magic.1368,1
magic.1369,0
magic.1370,0
magic.1373,0
magic.1374,0
magic.1376,0
magic.1377,0
magic.1379,0
magic.1382,0
magic.1383,0
magic.1386,3
magic.1387,0
magic.1388,2
magic.1391,0
magic.1394,0
magic.1395,1
magic.1396,0
magic.1397,0
magic.1398,0
magic.1399,1
magic.1400,1
magic.1402,0
magic.1403,0
magic.1404,0
magic.1405,0
magic.1407,21
magic.1408,0
magic.1412,0
magic.1413,0
magic.1414,0
magic.1415,0
magic.1417,0
magic.1418,1
magic.1419,0
magic.1420,0
magic.1424,1
magic.1425,1
magic.1426,0
magic.1427,2
magic.1428,7
magic.1429,0
magic.1430,7
magic.1431,2
magic.1432,0
magic.1433,1
magic.1434,0
magic.1435,3
magic.1436,0
magic.1437,0
magic.1438,1
magic.1440,0
magic.1442,0
magic.1443,6
magic.1444,1
magic.1445,0
magic.1446,2
magic.1448,0
magic.1450,0
magic.1451,0
magic.1452,0
magic.1453,0
magic.1455,0
magic.1456,0
magic.1457,0
magic.1460,3
magic.1461,0
magic.1462,0
magic.1463,0
magic.1464,1
magic.1465,1
magic.1467,268
magic.1468,0
magic.1469,0
magic.1470,3
magic.1471,0
magic.1472,8
magic.1473,0
magic.1474,0
magic.1475,0
magic.1476,0
magic.1478,1
magic.1479,0
magic.1480,0
magic.1481,0
magic.1482,0
magic.1484,1
magic.1485,0
magic.1486,0
magic.1488,0
magic.1489,0
magic.1490,0
magic.1493,0
magic.1494,0
magic.1495,0
magic.1496,14
magic.1497,0
magic.1499,5
magic.1501,0
magic.1502,1
magic.1504,0
magic.1506,0
magic.1508,0
magic.1510,0
magic.1511,0
magic.1514,0
magic.1516,31
magic.1518,1
magic.1519,1
magic.1521,0
magic.1523,0
magic.1525,0
magic.1526,0
magic.1527,1
magic.1528,0
magic.1529,0
magic.1530,0
magic.1534,0
magic.1536,0
magic.1537,2
magic.1538,968
magic.1539,0
magic.1540,0
magic.1541,0
magic.1542,0
magic.1543,0
magic.1546,0
magic.1553,0
magic.1555,4
magic.1557,0
magic.1558,0
magic.1559,0
magic.1560,1
magic.1562,1
magic.1564,19
magic.1565,0
magic.1566,1
magic.1567,0
magic.1568,211
magic.1570,1
magic.1571,0
magic.1574,0
magic.1575,0
magic.1576,0
magic.1577,0
magic.1579,1
magic.1581,3
magic.1582,14
magic.1583,0
magic.1584,0
magic.1585,0
magic.1587,1
magic.1588,0
magic.1589,230
magic.1591,0
magic.1594,1
magic.1595,0
magic.1596,1
magic.1598,0
magic.1599,1
magic.1601,0
magic.1602,3
magic.1603,1
magic.1604,0
magic.1605,1
magic.1607,1
magic.1608,0
magic.1610,0
magic.1611,15
magic.1612,0
magic.1613,0
magic.1615,0
magic.1616,9
magic.1617,161
magic.1618,0
magic.1620,1
magic.1621,0
magic.1622,0
magic.1623,0
magic.1624,0
magic.1626,0
magic.1630,2
magic.1631,0
magic.1633,0
magic.1634,0
magic.1636,1
magic.1637,0
magic.1639,1
magic.1640,1
magic.1641,0
magic.1642,0
magic.1643,0
magic.1644,0
magic.1645,1
magic.1646,0
magic.1647,0
magic.1648,5
magic.1649,10
magic.1650,0
magic.1651,0
magic.1653,1
magic.1654,0
magic.1655,0
magic.1656,0
magic.1657,5
magic.1658,0
magic.1659,0
magic.1661,4
magic.1662,3
magic.1663,3
magic.1666,0
magic.1667,26
magic.1668,0
magic.1669,0
magic.1670,0
magic.1672,0
magic.1673,0
magic.1674,0
magic.1675,0
magic.1676,0
magic.1679,2
magic.1680,0
magic.1681,7
magic.1683,0
magic.1684,2
magic.1685,0
magic.1686,0
magic.1687,0
magic.1688,0
magic.1690,0
magic.1691,0
magic.1693,0
magic.1694,0
magic.1695,3
magic.1696,0
magic.1697,2
magic.1699,0
magic.1700,0
magic.1701,1
magic.1703,0
magic.1705,0
magic.1706,4
magic.1707,1
magic.1708,1
magic.1709,4
magic.1710,0
magic.1711,4
magic.1713,1
magic.1714,0
magic.1716,0
magic.1717,0
magic.1718,0
magic.1719,0
magic.1720,0
magic.1721,0
magic.1722,1
magic.1725,1
magic.1726,11
magic.1727,0
magic.1728,7
magic.1729,0
magic.1730,3
magic.1732,0
magic.1734,0
magic.1737,0
magic.1740,1
magic.1741,0
magic.1743,0
magic.1745,4
magic.1747,11
magic.1748,0
magic.1749,0
magic.1750,0
magic.1751,2
magic.1752,1
magic.1753,2
magic.1755,0
magic.1757,3
magic.1759,0
magic.1761,0
magic.1763,5
magic.1764,0
magic.1765,0
magic.1766,0
magic.1767,0
magic.1768,0
magic.1769,1
magic.1771,4
magic.1772,7
magic.1774,1
magic.1776,0
magic.1777,1
magic.1780,0
magic.1781,0
magic.1782,0
magic.1783,0
magic.1784,0
magic.1785,0
magic.1786,1
magic.1789,4
magic.1790,0
magic.1791,0
magic.1792,3
magic.1793,0
magic.1794,0
magic.1795,0
magic.1797,0
magic.1798,0
magic.1801,0
magic.1803,0
magic.1805,0
magic.1806,4
magic.1809,0
magic.1811,3
magic.1812,1
magic.1816,0
magic.1817,0
magic.1819,0
magic.1820,0
magic.1821,0
magic.1823,0
magic.1825,0
magic.1826,4
magic.1827,0
magic.1829,39
magic.1830,358
magic.1831,0
magic.1834,0
magic.1835,1
magic.1836,0
magic.1837,3
magic.1838,2
magic.1839,0
magic.1840,0
magic.1841,0
magic.1844,4
magic.1846,1
magic.1847,1
magic.1848,206
magic.1850,0
magic.1851,3
magic.1854,0
magic.1858,0
magic.1859,0
magic.1860,0
magic.1861,0
magic.1862,0
magic.1864,10
magic.1865,0
magic.1866,0
magic.1867,0
magic.1868,3
magic.1869,0
magic.1871,1
magic.1872,0
magic.1873,3
magic.1875,0
magic.1876,0
magic.1877,1
magic.1879,0
magic.1881,2
magic.1882,1
magic.1883,2
magic.1884,20
magic.1885,6
magic.1888,0
magic.1889,0
magic.1890,0
magic.1891,0
magic.1892,6
magic.1893,0
magic.1895,0
magic.1896,0
magic.1898,0
magic.1900,23
magic.1901,0
magic.1902,52
magic.1903,7
magic.1904,0
magic.1906,0
magic.1908,0
magic.1909,0
magic.1911,1
magic.1912,3
magic.1914,0
magic.1915,1
magic.1918,0
magic.1919,1
magic.1920,0
magic.1921,0
magic.1922,232
magic.1923,0
magic.1924,30
magic.1926,0
magic.1927,0
magic.1928,0
magic.1930,0
magic.1932,0
magic.1933,1
magic.1934,1
magic.1935,1
magic.1936,1
magic.1938,0
magic.1939,0
magic.1940,19
magic.1941,0
magic.1942,2
magic.1943,0
magic.1944,1
magic.1947,1
magic.1948,5
magic.1950,0
magic.1951,0
magic.1952,0
magic.1953,0
magic.1954,1
magic.1957,0
magic.1958,0
magic.1959,19
magic.1960,0
magic.1961,0
magic.1962,7
magic.1963,14
magic.1964,0
magic.1965,2
magic.1966,0
magic.1967,0
magic.1968,1
magic.1969,2
magic.1971,0
magic.1972,0
magic.1973,0
magic.1974,0
magic.1975,0
magic.1977,3
magic.1979,1
magic.1980,0
magic.1986,4
magic.1987,1
magic.1988,1
magic.1989,0
magic.1990,1
magic.1991,0
magic.1993,1
magic.1996,6
magic.1997,0
magic.1998,2
magic.1999,1
magic.2000,3
magic.2001,0
magic.2003,6
magic.2004,1
magic.2006,0
magic.2007,0
magic.2008,0
magic.2009,2
magic.2010,0
magic.2012,0
magic.2014,0
magic.2016,1
magic.2017,0
magic.2018,0
magic.2019,5
magic.2020,5
magic.2021,0
magic.2022,0
magic.2024,3
magic.2025,0
magic.2027,5
magic.2029,0
magic.2030,0
magic.2031,0
magic.2032,4
magic.2033,0
magic.2034,0
magic.2036,0
magic.2038,0
magic.2040,1
magic.2041,0
magic.2043,0
magic.2044,17
magic.2045,0
magic.2047,5
magic.2048,0
magic.2049,1
magic.2051,0
magic.2053,0
magic.2054,0
magic.2055,0
magic.2056,2
magic.2059,1
magic.2060,0
magic.2061,48
magic.2063,0
magic.2064,0
magic.2067,8
magic.2068,1
magic.2069,0
magic.2070,0
magic.2071,1
magic.2072,0
magic.2073,0
magic.2074,3
magic.2075,0
magic.2077,0
magic.2079,5
magic.2080,1
magic.2082,2
magic.2086,0
magic.2088,44
magic.2089,0
magic.2090,0
magic.2092,1
magic.2093,1
magic.2094,6
magic.2095,0
magic.2096,0
magic.2097,12
magic.2098,8
magic.2099,0
magic.2100,2
magic.2102,2
magic.2104,0
magic.2106,5
magic.2107,0
magic.2111,0
magic.2112,6
magic.2113,5
magic.2115,0
magic.2120,1
magic.2121,0
magic.2122,0
magic.2123,0
magic.2124,3
magic.2126,0
magic.2128,1
magic.2129,12
magic.2130,1
magic.2132,0
magic.2134,3
magic.2135,0
magic.2136,0
magic.2140,0
magic.2141,0
magic.2142,1
magic.2146,0
magic.2147,0
magic.2148,0
magic.2149,3
magic.2151,0
magic.2153,11
magic.2154,4
magic.2155,0
magic.2156,3
magic.2157,0
magic.2158,0
magic.2159,0
magic.2161,1
magic.2162,16
magic.2163,1
magic.2164,0
magic.2165,0
magic.2166,0
magic.2167,0
magic.2168,1
magic.2169,41
magic.2170,0
magic.2171,2
magic.2173,1
magic.2174,0
magic.2175,10
magic.2176,0
magic.2179,0
magic.2182,0
magic.2184,0
magic.2185,5
magic.2186,0
magic.2187,0
magic.2188,0
magic.2189,0
magic.2192,0
magic.2193,0
magic.2195,0
magic.2197,7
magic.2198,0
magic.2199,0
magic.2200,6
magic.2201,0
magic.2203,0
magic.2205,0
magic.2206,6
magic.2208,2
magic.2209,51
magic.2211,0
magic.2212,0
magic.2213,3
magic.2214,6
magic.2215,1
magic.2220,11
magic.2221,0
magic.2223,2
magic.2224,3
magic.2226,0
magic.2228,0
magic.2229,0
magic.2231,2
magic.2232,16
magic.2233,0
magic.2235,0
magic.2236,0
magic.2237,12
magic.2240,3
magic.2242,0
magic.2244,0
magic.2246,1
magic.2250,0
magic.2251,2
magic.2258,197
magic.2259,0
magic.2261,5
magic.2262,0
magic.2264,15
magic.2265,18
magic.2267,4
magic.2269,0
magic.2270,0
magic.2271,3
magic.2272,6
magic.2276,0
magic.2278,0
magic.2279,2
magic.2280,0
magic.2292,0
magic.2295,0
magic.2296,2
magic.2297,14
magic.2298,0
magic.2299,0
magic.2301,3
magic.2302,0
magic.2303,0
magic.2305,0
magic.2308,0
magic.2309,0
magic.2310,2
magic.2311,1
magic.2312,2
magic.2313,0
magic.2314,4
magic.2315,0
magic.2316,0
magic.2318,23
magic.2321,0
magic.2322,0
magic.2324,0
magic.2326,0
magic.2327,1
magic.2328,4
magic.2330,0
magic.2331,2
magic.2334,0
magic.2335,0
magic.2336,1
magic.2338,2
magic.2340,4
magic.2341,0
magic.2343,0
magic.2345,10
magic.2346,1
magic.2347,0
magic.2348,4
magic.2351,17
magic.2352,0
magic.2353,3
magic.2354,0
magic.2356,0
magic.2357,0
magic.2358,2
magic.2360,0
magic.2362,0
magic.2365,3
magic.2367,0
magic.2372,0
magic.2376,0
magic.2379,0
magic.2380,5
magic.2383,0
magic.2385,0
magic.2387,64
magic.2388,0
magic.2390,0
magic.2391,0
magic.2397,11
magic.2403,0
magic.2406,1
magic.2409,19
magic.2412,0
magic.2413,19
magic.2415,0
magic.2416,1
magic.2417,0
magic.2418,0
magic.2420,10
magic.2423,0
magic.2425,2
magic.2426,4
magic.2429,1
magic.2431,1
magic.2432,4
magic.2435,0
magic.2436,1
magic.2438,0
magic.2439,0
magic.2440,0
magic.2441,2
magic.2442,13
magic.2444,0
magic.2448,0
magic.2450,0
magic.2453,3
magic.2454,5
magic.2456,0
magic.2457,2
magic.2459,2
magic.2462,1
magic.2469,0
magic.2472,0
magic.2475,3
magic.2477,0
magic.2478,10
magic.2479,0
magic.2480,0
magic.2482,0
magic.2483,0
magic.2487,0
magic.2488,0
magic.2489,1
magic.2493,0
magic.2494,0
magic.2495,1
magic.2499,2
magic.2500,0
magic.2501,2
magic.2507,0
magic.2508,0
magic.2513,0
magic.2515,0
magic.2516,0
magic.2519,6
magic.2522,0
magic.2524,0
magic.2525,21
magic.2527,0
magic.2529,0
magic.2530,2
magic.2532,385
magic.2534,0
magic.2535,2
magic.2538,0
magic.2539,0
magic.2542,1
magic.2544,5
magic.2545,7
magic.2548,0
magic.2549,0
magic.2551,0
magic.2552,0
magic.2554,0
magic.2557,0
magic.2558,2
magic.2559,3
magic.2562,0
magic.2565,0
magic.2566,7
magic.2567,0
magic.2568,5
magic.2569,0
magic.2570,0
magic.2575,0
magic.2576,4
magic.2577,0
magic.2578,5
magic.2580,1
magic.2585,0
magic.2587,1
magic.2588,1
magic.2591,0
magic.2592,13
magic.2593,0
magic.2594,1
magic.2597,4
magic.2598,0
magic.2600,0
magic.2601,0
magic.2602,2
magic.2603,1
magic.2607,1
magic.2608,0
magic.2609,0
magic.2610,0
magic.2613,6
magic.2614,1
magic.2617,0
magic.2619,0
magic.2622,0
magic.2625,0
magic.2628,1
magic.2629,73
magic.2630,0
magic.2631,5
magic.2632,6
magic.2633,28
magic.2634,0
magic.2635,0
magic.2638,2
magic.2639,1
magic.2642,0
magic.2643,3
magic.2644,3
magic.2646,1
magic.2648,0
magic.2650,3
magic.2651,0
magic.2652,0
magic.2653,0
magic.2654,4
magic.2656,1
magic.2658,0
magic.2659,0
magic.2660,1
magic.2661,1
magic.2663,2
magic.2664,0
magic.2665,4
magic.2666,0
magic.2667,0
magic.2668,0
magic.2669,1
magic.2670,1
magic.2671,0
magic.2672,0
magic.2673,1
magic.2674,0
magic.2677,0
magic.2678,0
magic.2679,1
magic.2680,22
magic.2687,4
magic.2688,1
magic.2689,0
magic.2692,0
magic.2696,7
magic.2698,1
magic.2700,2
magic.2701,0
magic.2703,3
magic.2704,9
magic.2707,1
magic.2709,3
magic.2710,1
magic.2711,4
magic.2712,0
magic.2713,0
magic.2714,0
magic.2715,1
magic.2717,0
magic.2718,0
magic.2719,4
magic.2720,0
magic.2721,1
magic.2722,0
magic.2723,5
magic.2725,1
magic.2729,347
magic.2732,0
magic.2734,1
magic.2735,0
magic.2736,13
magic.2739,0
magic.2740,0
magic.2741,0
magic.2743,0
magic.2744,3
magic.2745,0
magic.2746,0
magic.2747,106
magic.2748,3
magic.2749,0
magic.2750,0
magic.2752,0
magic.2753,0
magic.2754,19
magic.2755,0
magic.2756,2
magic.2757,0
magic.2758,2
magic.2759,5
magic.2761,0
magic.2762,1
magic.2763,0
magic.2764,1
magic.2765,1
magic.2766,0
magic.2767,1
magic.2768,1
magic.2770,5
magic.2771,0
magic.2773,4
magic.2774,1
magic.2775,1
magic.2776,29
magic.2777,0
magic.2778,0
magic.2779,0
magic.2780,2
magic.2784,0
magic.2787,2
magic.2791,0
magic.2793,1
magic.2794,0
magic.2795,1
magic.2796,0
magic.2797,0
magic.2798,0
magic.2801,0
magic.2802,61
magic.2805,0
magic.2807,0
magic.2808,7
magic.2811,0
magic.2815,0
magic.2816,24
magic.2818,2
magic.2819,2
magic.2821,17
magic.2822,0
magic.2823,6
magic.2824,3
magic.2825,0
magic.2826,5
magic.2827,0
magic.2829,4
magic.2831,2
magic.2832,132
magic.2833,0
magic.2834,172
magic.2835,0
magic.2836,0
magic.2837,1229
magic.2839,63
magic.2840,11
magic.2842,2
magic.2843,0
magic.2844,2
magic.2846,0
magic.2847,0
magic.2848,0
magic.2849,1
magic.2850,0
magic.2851,0
magic.2852,0
magic.2853,0
magic.2854,0
magic.2855,8
magic.2856,0
magic.2858,0
magic.2862,0
magic.2863,0
magic.2864,0
magic.2867,0
magic.2869,0
magic.2870,0
magic.2872,3
magic.2874,0
magic.2875,0
magic.2876,2
magic.2878,0
magic.2879,1
magic.2880,2
magic.2881,0
magic.2882,7
magic.2883,0
magic.2884,0
magic.2885,0
magic.2886,59
magic.2890,0
magic.2891,334
magic.2892,0
magic.2894,0
magic.2897,2
magic.2899,1
magic.2900,2
magic.2902,0
magic.2903,5
magic.2904,1
magic.2905,0
magic.2906,0
magic.2907,0
magic.2908,0
magic.2909,38
magic.2910,0
magic.2911,4
magic.2915,1
magic.2916,0
magic.2917,1
magic.2919,0
magic.2921,16
magic.2922,5
magic.2923,0
magic.2924,1
magic.2925,0
magic.2926,0
magic.2927,0
magic.2928,3
magic.2942,0
magic.2943,0
magic.2944,1
magic.2945,9
magic.2946,2
magic.2948,0
magic.2949,0
magic.2950,10
magic.2951,0
magic.2952,0
magic.2953,0
magic.2955,0
magic.2956,0
magic.2957,1355
magic.2958,0
magic.2959,1
magic.2960,1
magic.2961,1
magic.2963,0
magic.2964,0
magic.2965,0
magic.2966,0
magic.2967,1
magic.2968,2
magic.2970,0
magic.2972,0
magic.2973,5
magic.2975,0
magic.2976,0
magic.2978,0
magic.2981,0
magic.2985,0
magic.2986,2
magic.2987,4
magic.2988,2
magic.2989,0
magic.2991,0
magic.2997,0
magic.2998,0
magic.3000,0
magic.3002,9
magic.3003,0
magic.3004,0
magic.3005,4
magic.3007,0
magic.3009,0
magic.3011,0
magic.3016,0
magic.3017,0
magic.3021,0
magic.3023,0
magic.3024,1
magic.3030,1
magic.3031,1
magic.3033,0
magic.3034,0
magic.3035,0
magic.3036,0
magic.3037,0
magic.3038,0
magic.3040,0
magic.3041,0
magic.3043,29
magic.3044,0
magic.3046,0
magic.3047,1
magic.3048,1
magic.3049,1
magic.3050,0
magic.3051,2
magic.3053,0
magic.3054,0
magic.3055,4
magic.3056,0
magic.3057,0
magic.3059,0
magic.3060,1
magic.3061,196
magic.3063,0
magic.3064,0
magic.3065,2
magic.3066,3
magic.3068,7
magic.3069,1
magic.3071,28
magic.3074,8
magic.3075,0
magic.3076,0
magic.3077,1
magic.3078,0
magic.3079,0
magic.3080,7
magic.3081,1
magic.3082,1
magic.3083,0
magic.3084,13
magic.3085,2
magic.3086,12
magic.3090,0
magic.3091,1
magic.3092,0
magic.3093,0
magic.3095,0
magic.3096,0
magic.3097,1
magic.3098,0
magic.3099,0
magic.3100,0
magic.3303,20
magic.3306,0
magic.3308,0
magic.3309,0
magic.3310,0
magic.3314,0
magic.3316,0
magic.3317,1
magic.3321,0
magic.3323,0
magic.3324,0
magic.3327,3
magic.3328,4
magic.3330,0
magic.3332,1
magic.3333,0
magic.3334,3
magic.3335,0
magic.3336,0
magic.3337,2
magic.3340,1
magic.3342,0
magic.3345,1
magic.3348,7
magic.3349,1
magic.3350,30
magic.3351,11
magic.3352,0
magic.3353,0
magic.3354,0
magic.3355,0
magic.3356,0
magic.3357,1
magic.3358,1
magic.3360,12
magic.3362,0
magic.3363,5
magic.3364,0
magic.3365,2
magic.3366,1
magic.3368,0
magic.3371,1
magic.3372,0
magic.3374,0
magic.3375,19
magic.3376,0
magic.3377,0
magic.3378,0
magic.3379,0
magic.3380,5
magic.3382,0
magic.3383,22
magic.3384,0
magic.3385,0
magic.3386,0
magic.3387,30
magic.3388,3
magic.3389,5
magic.3390,0
magic.3393,0
magic.3395,0
magic.3397,13
magic.3402,1
magic.3404,0
magic.3405,1
magic.3406,2
magic.3407,1
magic.3408,0
magic.3409,0
magic.3410,1
magic.3411,0
magic.3414,0
magic.3417,0
magic.3418,1
magic.3419,0
magic.3420,1
magic.3421,1
magic.3422,0
magic.3423,0
magic.3424,0
magic.3425,0
magic.3426,0
magic.3427,0
magic.3428,10
magic.3429,0
magic.3430,0
magic.3432,0
magic.3433,2
magic.3435,8
magic.3438,0
magic.3439,0
magic.3440,1
magic.3441,0
magic.3442,4
magic.3443,2
magic.3445,1
magic.3446,0
magic.3447,0
magic.3449,2
magic.3450,0
magic.3451,0
magic.3452,0
magic.3453,0
magic.3454,3
magic.3455,0
magic.3457,0
magic.3458,0
magic.3462,1
magic.3463,0
magic.3464,0
magic.3466,0
magic.3467,0
magic.3472,0
magic.3476,0
magic.3478,0
magic.3479,0
magic.3480,0
magic.3482,0
magic.3484,0
magic.3486,0
magic.3487,0
magic.3491,0
magic.3493,1
magic.3496,0
magic.3498,0
magic.3500,0
magic.3502,0
magic.3503,0
magic.3504,0
magic.3505,15
magic.3506,0
magic.3507,0
magic.3508,0
magic.3511,5
magic.3513,15
magic.3514,0
magic.3518,0
magic.3519,0
magic.3520,0
magic.3522,0
magic.3524,0
magic.3525,0
magic.3527,0
magic.3528,0
magic.3530,0
magic.3533,0
magic.3534,1
magic.3536,1
magic.3540,2
magic.3543,0
magic.3544,2
magic.3546,5
magic.3547,0
magic.3548,1
magic.3552,0
magic.3553,9
magic.3555,1
magic.3558,0
magic.3562,30
magic.3563,1
magic.3565,0
magic.3566,0
magic.3567,3
magic.3569,0
magic.3570,0
magic.3571,0
magic.3572,0
magic.3574,0
magic.3575,0
magic.3576,2
magic.3577,0
magic.3578,0
magic.3580,2
magic.3581,0
magic.3582,86
magic.3583,0
magic.3585,0
magic.3586,7
magic.3587,2
magic.3588,0
magic.3590,1
magic.3591,17
magic.3592,0
magic.3594,2
magic.3596,16
magic.3597,0
magic.3601,0
magic.3603,1
magic.3604,2
magic.3607,0
magic.3609,1
magic.3611,0
magic.3616,2
magic.3619,0
magic.3620,0
magic.3621,3
magic.3622,0
magic.3623,0
magic.3624,6
magic.3628,0
magic.3629,0
magic.3634,0
magic.3635,7
magic.3636,13
magic.3637,11
magic.3638,3
magic.3639,7
magic.3641,3
magic.3647,0
magic.3649,0
magic.3650,0
magic.3651,0
magic.3653,0
magic.3654,0
magic.3656,0
magic.3659,0
magic.3661,0
magic.3662,2
magic.3663,0
magic.3664,0
magic.3665,2
magic.3666,2
magic.3668,0
magic.3669,0
magic.3673,0
magic.3675,2
magic.3676,0
magic.3678,0
magic.3679,4
magic.3680,0
magic.3681,0
magic.3682,3
magic.3683,0
magic.3684,1
magic.3685,0
magic.3686,0
magic.3688,2
magic.3689,0
magic.3692,0
magic.3694,0
magic.3695,4
magic.3697,0
magic.3698,1
magic.3699,1
magic.3702,0
magic.3703,0
magic.3704,1
magic.3706,0
magic.3707,0
magic.3710,0
magic.3712,0
magic.3713,0
magic.3715,12
magic.3716,0
magic.3717,0
magic.3718,6
magic.3719,0
magic.3720,5
magic.3721,3
magic.3722,0
magic.3725,4
magic.3731,2
magic.3732,0
magic.3734,0
magic.3735,1
magic.3740,1
magic.3741,1
magic.3744,0
magic.3745,3
magic.3746,0
magic.3747,0
magic.3748,1
magic.3751,3
magic.3753,2
magic.3755,0
magic.3758,0
magic.3759,0
magic.3761,0
magic.3762,1
magic.3763,0
magic.3765,5
magic.3767,1
magic.3768,0
magic.3769,0
magic.3777,2
magic.3780,0
magic.3781,0
magic.3782,0
magic.3783,0
magic.3784,1
magic.3793,0
magic.3794,0
magic.3795,0
magic.3798,0
magic.3799,1
magic.3800,0
magic.3801,0
magic.3802,0
magic.3803,0
magic.3804,0
magic.3805,1
magic.3810,0
magic.3813,27
magic.3815,11
magic.3818,0
magic.3819,1
magic.3821,7
magic.3822,0
magic.3829,0
magic.3830,0
magic.3831,0
magic.3836,1
magic.3839,0
magic.3840,0
magic.3841,0
magic.3842,1
magic.3843,0
magic.3844,0
magic.3845,0
magic.3847,0
magic.3849,0
magic.3852,1
magic.3853,1
magic.3857,0
magic.3859,0
magic.3860,8
magic.3861,0
magic.3863,2
magic.3866,0
magic.3867,0
magic.3869,0
magic.3871,1
magic.3873,4
magic.3874,2
magic.3876,0
magic.3877,0
magic.3879,3
magic.3880,1
magic.3885,1
magic.3886,65
magic.3887,1
magic.3888,0
magic.3891,1
magic.3892,0
magic.3893,0
magic.3894,0
magic.3896,0
magic.3898,2
magic.3899,2
magic.3900,0
magic.3901,0
magic.3902,50
magic.3903,10
magic.3905,1
magic.3907,0
magic.3908,0
magic.3916,0
magic.3919,2
magic.3920,0
magic.3921,0
magic.3922,0
magic.3923,0
magic.3924,0
magic.3925,0
magic.3926,0
magic.3927,0
magic.3928,0
magic.3930,0
magic.3933,0
magic.3935,0
magic.3936,0
magic.3937,0
magic.3941,0
magic.3942,0
magic.3943,0
magic.3946,0
magic.3947,0
magic.3948,0
magic.3949,0
magic.3951,6
magic.3952,0
magic.3955,0
magic.3958,0
magic.3959,0
magic.3960,17
magic.3961,0
magic.3962,1
magic.3963,0
magic.3964,0
magic.3965,0
magic.3966,0
magic.3970,8
magic.3971,7
magic.3973,0
magic.3974,9
magic.3975,4
magic.3976,0
magic.3978,5
magic.3982,1
magic.3984,0
magic.3985,0
magic.3987,8
magic.3990,0
magic.3991,0
magic.3992,4
magic.4000,0
magic.4002,0
magic.4005,0
magic.4007,0
magic.4008,3
magic.4009,0
magic.4011,0
magic.4012,3
magic.4013,0
magic.4014,0
magic.4015,8
magic.4016,0
magic.4017,0
magic.4018,3
magic.4019,1
magic.4020,2
magic.4022,4
magic.4023,0
magic.4024,41
magic.4025,0
magic.4026,1
magic.4027,0
magic.4028,0
magic.4029,6
magic.4030,0
magic.4031,4
magic.4032,2
magic.4033,0
magic.4034,1
magic.4035,0
magic.4036,0
magic.4038,6
magic.4039,0
magic.4044,0
magic.4045,10
magic.4047,1
magic.4060,0
magic.4061,0
magic.4062,1
magic.4063,0
magic.4066,0
magic.4070,0
magic.4071,0
magic.4072,0
magic.4073,0
magic.4074,0
magic.4075,0
magic.4085,0
magic.4089,0
magic.4098,0
magic.4099,0
magic.4100,0
magic.4101,0
magic.4102,0
magic.4103,2
magic.4104,3
magic.4105,0
magic.4106,0
magic.4107,11
magic.4108,0
magic.4110,0
magic.4111,0
magic.4113,0
magic.4116,0
magic.4118,0
magic.4119,0
magic.4120,2
magic.4121,2
magic.4122,1
magic.4123,0
magic.4124,2
magic.4125,1
magic.4126,0
magic.4128,10
magic.4129,0
magic.4130,0
magic.4132,0
magic.4133,206
magic.4135,1
magic.4141,3
magic.4143,0
magic.4147,1
magic.4148,0
magic.4149,0
magic.4153,2
magic.4158,0
magic.4160,1
magic.4161,1
magic.4162,0
magic.4163,0
magic.4164,0
magic.4166,1
magic.4167,4
magic.4168,1
magic.4170,8
magic.4172,0
magic.4173,1
magic.4177,2
magic.4180,1
magic.4181,0
magic.4187,5
magic.4189,0
magic.4190,2
magic.4191,0
magic.4192,4
magic.4193,54
magic.4194,9
magic.4195,1
magic.4196,0
magic.4198,0
magic.4199,1
magic.4201,0
magic.4202,6
magic.4203,1
magic.4204,0
magic.4205,6
magic.4209,1
magic.4210,0
magic.4213,15
magic.4216,1
magic.4217,1
magic.4219,4
magic.4221,0
magic.4223,0
magic.4224,3
magic.4228,1
magic.4230,1
magic.4232,0
magic.4233,0
magic.4234,0
magic.4236,1
magic.4238,0
magic.4241,4
magic.4245,2
magic.4246,1
magic.4253,2
magic.4256,10
magic.4257,15
magic.4259,0
magic.4264,3
magic.4267,298
magic.4269,2
magic.4270,0
magic.4272,1
magic.4273,544
magic.4275,0
magic.4278,0
magic.4280,1
magic.4281,1
magic.4283,0
magic.4286,15
magic.4287,0
magic.4288,0
magic.4289,14
magic.4292,416
magic.4299,0
magic.4300,9
magic.4602,9
magic.4603,0
magic.4609,1
magic.4612,0
magic.4616,2
magic.4619,3
magic.4620,0
magic.4626,0
magic.4627,1
magic.4631,36
magic.4632,0
magic.4634,1
magic.4637,0
magic.4641,1
magic.4644,0
magic.4645,0
magic.4646,1
magic.4649,1
magic.4650,0
magic.4651,2
magic.4653,1
magic.4656,2
magic.4657,0
magic.4658,11
magic.4662,1
magic.4663,0
magic.4664,3
magic.4665,0
magic.4667,0
magic.4670,1
magic.4673,3
magic.4674,0
magic.4676,0
magic.4677,12
magic.4679,0
magic.4681,1
magic.4683,1
magic.4684,0
magic.4687,8
magic.4693,5
magic.4695,1
magic.4696,3
magic.4697,0
magic.4701,4
magic.4702,0
magic.4708,4
magic.4709,8
magic.4710,3
magic.4714,0
magic.4715,13
magic.4721,2
magic.4722,1
magic.4723,2
magic.4728,0
magic.4732,0
magic.4733,0
magic.4734,1
magic.4737,154
magic.4740,5
magic.4744,5
magic.4749,0
magic.4750,0
magic.4751,0
magic.4752,1
magic.4753,5
magic.4755,1
magic.4759,1
magic.4763,1
magic.4774,0
magic.4776,1
magic.4781,0
magic.4782,1
magic.4784,0
magic.4785,0
magic.4788,131
magic.4789,1
magic.4793,1
magic.4794,0
magic.4795,1
magic.4797,0
magic.4799,1
magic.4803,0
magic.4804,0
magic.4805,0
magic.4806,0
magic.4808,0
magic.4811,3
magic.4812,0
magic.4814,0
magic.4815,1
magic.4816,1
magic.4817,0
magic.4818,2
magic.4820,2
magic.4821,0
magic.4822,0
magic.4823,0
magic.4824,0
magic.4825,3
magic.4826,0
magic.4827,0
magic.4828,0
magic.4830,4
magic.4835,1
magic.4836,0
magic.4838,0
magic.4839,0
magic.4840,0
magic.4841,22
magic.4842,0
magic.4843,8
magic.4844,0
magic.4845,1
magic.4846,2
magic.4848,4
magic.4849,6
magic.4855,1
magic.4857,0
magic.4858,1
magic.4859,0
magic.4860,0
magic.4862,0
magic.4866,1
magic.4869,0
magic.4872,0
magic.4873,11
magic.4874,0
magic.4875,1
magic.4877,9
magic.4880,2
magic.4882,0
magic.4883,1
magic.4884,0
magic.4885,1
magic.4895,0
magic.4896,3
magic.4899,0
magic.4901,0
magic.4902,0
magic.4903,0
magic.4904,0
magic.4905,2
magic.4906,0
magic.4919,0
magic.4921,0
magic.4923,4
magic.4924,0
magic.4928,0
magic.4929,15
magic.4932,1
magic.4935,3
magic.4937,0
magic.4942,3
magic.4943,0
magic.4946,1
magic.4948,1
magic.4949,0
magic.4950,2
magic.4952,2
magic.4958,0
magic.4963,0
magic.4964,0
magic.4965,1
magic.4966,1
magic.4968,0
magic.4969,0
magic.4971,2
magic.4972,1
magic.4973,1
magic.4974,0
magic.4976,2
magic.4977,0
magic.4981,0
magic.4982,0
magic.4983,2
magic.4986,2
magic.4987,0
magic.4988,0
magic.4989,0
magic.4990,0
magic.4991,0
magic.4992,0
magic.4994,0
magic.4996,0
magic.4998,1
magic.4999,0
magic.5001,1
magic.5003,1
magic.5004,0
magic.5005,0
magic.5007,2
magic.5008,0
magic.5011,0
magic.5013,2
magic.5021,0
magic.5028,2
magic.5031,0
magic.5032,0
magic.5033,0
magic.5034,2
magic.5035,0
magic.5036,1
magic.5039,0
magic.5040,0
magic.5042,0
magic.5043,0
magic.5045,5
magic.5048,0
magic.5050,1
magic.5051,1
magic.5052,0
magic.5056,0
magic.5058,0
magic.5061,0
magic.5064,0
magic.5069,1
magic.5072,0
magic.5073,0
magic.5075,2
magic.5076,10
magic.5077,2
magic.5079,3
magic.5080,12
magic.5081,0
magic.5084,0
magic.5085,1
magic.5088,0
magic.5094,1
magic.5096,0
magic.5097,2
magic.5103,0
magic.5104,0
magic.5105,0
magic.5106,0
magic.5107,0
magic.5108,0
magic.5111,1
magic.5112,1
magic.5113,0
magic.5115,0
magic.5116,0
magic.5117,0
magic.5118,1
magic.5122,1
magic.5123,0
magic.5125,5
magic.5127,0
magic.5128,0
magic.5136,0
magic.5137,0
magic.5138,0
magic.5139,0
magic.5140,4
magic.5141,0
magic.5142,0
magic.5144,1
magic.5145,0
magic.5147,0
magic.5148,0
magic.5150,1
magic.5151,3
magic.5153,0
magic.5156,2
magic.5159,5
magic.5162,19
magic.5163,9
magic.5165,0
magic.5166,3
magic.5168,1
magic.5171,7
magic.5172,0
magic.5173,0
magic.5175,0
magic.5176,1
magic.5178,4
magic.5181,0
magic.5184,2
magic.5187,1
magic.5188,0
magic.5191,1
magic.5194,0
magic.5196,2
magic.5197,0
magic.5198,0
magic.5205,1
magic.5208,0
magic.5210,0
magic.5212,0
magic.5213,0
magic.5215,0
magic.5216,1
magic.5218,0
magic.5222,0
magic.5223,13
magic.5224,0
magic.5225,12
magic.5226,0
magic.5227,0
magic.5228,3
magic.5229,26
magic.5230,0
magic.5232,1
magic.5234,0
magic.5235,0
magic.5238,0
magic.5240,2
magic.5242,0
magic.5243,0
magic.5245,1
magic.5247,0
magic.5248,0
magic.5262,0
magic.5263,3
magic.5269,2
magic.5270,0
magic.5273,0
magic.5274,0
magic.5276,4
magic.5278,0
magic.5280,0
magic.5282,0
magic.5283,2
magic.5284,1
magic.5287,0
magic.5289,0
magic.5290,0
magic.5291,1
magic.5292,0
magic.5295,0
magic.5297,1
magic.5298,0
magic.5300,0
magic.5302,0
magic.5303,0
magic.5308,0
magic.5310,3
magic.5314,6
magic.5315,4
magic.5316,0
magic.5318,1
magic.5320,117
magic.5321,0
magic.5323,27
magic.5328,14
magic.5332,1
magic.5336,1
magic.5339,7
magic.5341,2
magic.5343,1
magic.5345,0
magic.5347,0
magic.5348,5
magic.5350,4
magic.5353,0
magic.5354,8
magic.5356,1
magic.5361,0
magic.5362,2
magic.5363,2
magic.5364,0
magic.5366,0
magic.5368,0
magic.5370,19
magic.5374,1
magic.5377,0
magic.5378,0
magic.5379,0
magic.5380,0
magic.5381,2
magic.5382,0
magic.5383,0
magic.5386,0
magic.5387,0
magic.5390,1
magic.5393,0
magic.5394,0
magic.5395,0
magic.5396,158
magic.5398,0
magic.5399,0
magic.5400,15
magic.5406,0
magic.5407,0
magic.5408,0
magic.5413,1
magic.5414,0
magic.5415,0
magic.5416,4
magic.5417,4
magic.5419,0
magic.5420,7
magic.5423,0
magic.5425,0
magic.5427,1
magic.5428,2
magic.5429,1
magic.5431,1
magic.5432,3
magic.5433,0
magic.5435,0
magic.5436,0
magic.5437,35
magic.5439,0
magic.5441,0
magic.5446,1
magic.5447,22
magic.5448,0
magic.5449,0
magic.5450,0
magic.5451,2
magic.5453,1
magic.5454,0
magic.5455,0
magic.5457,0
magic.5459,0
magic.5462,1
magic.5463,8
magic.5465,14
magic.5466,0
magic.5467,1
magic.5468,0
magic.5471,0
magic.5472,1
magic.5473,0
magic.5475,0
magic.5477,0
magic.5478,0
magic.5479,0
magic.5481,0
magic.5485,56
magic.5488,0
magic.5493,0
magic.5494,0
magic.5497,1
magic.5498,1
magic.5501,5
magic.5502,0
magic.5503,3
magic.5504,0
magic.5505,0
magic.5506,1
magic.5509,1
magic.5510,5
magic.5512,0
magic.5516,0
magic.5517,5
magic.5518,0
magic.5519,4
magic.5523,1
magic.5524,33
magic.5527,4
magic.5529,1
magic.5530,3
magic.5532,2
magic.5533,3
magic.5534,9
magic.5538,0
magic.5540,4
magic.5541,1
magic.5546,2
magic.5547,0
magic.5548,20
magic.5550,0
magic.5551,0
magic.5552,0
magic.5553,2
magic.5554,10
magic.5560,2
magic.5561,0
magic.5562,0
magic.5563,1
magic.5564,0
magic.5565,0
magic.5567,0
magic.5571,0
magic.5574,0
magic.5576,0
magic.5586,0
magic.5589,26
magic.5590,11
magic.5591,0
magic.5593,1
magic.5594,15
magic.5596,1
magic.5597,0
magic.5598,1
magic.5599,1
magic.5600,0
magic.5905,1
magic.5906,3
magic.5908,0
magic.5911,0
magic.5915,7
magic.5916,1
magic.5917,0
magic.5918,2
magic.5920,0
magic.5923,0
magic.5925,0
magic.5932,0
magic.5933,1
magic.5934,0
magic.5935,18
magic.5936,2
magic.5937,0
magic.5939,0
magic.5948,0
magic.5949,0
magic.5952,2
magic.5954,0
magic.5955,0
magic.5961,0
magic.5963,2
magic.5964,0
magic.5965,0
magic.5966,1
magic.5969,0
magic.5970,0
magic.5972,0
magic.5975,2
magic.5978,0
magic.5979,0
magic.5980,0
magic.5981,0
magic.5982,759
magic.5983,0
magic.5987,0
magic.5992,1
magic.5993,0
magic.5995,0
magic.5999,1
magic.6000,5
magic.6003,2
magic.6005,0
magic.6007,1
magic.6011,0
magic.6013,2
magic.6014,3
magic.6015,3
magic.6016,0
magic.6017,0
magic.6019,1
magic.6020,1
magic.6021,0
magic.6024,0
magic.6027,1
magic.6028,4
magic.6031,2
magic.6034,0
magic.6035,9
magic.6037,0
magic.6039,3
magic.6042,0
magic.6045,3
magic.6046,0
magic.6049,17
magic.6051,5
magic.6053,0
magic.6056,0
magic.6069,0
magic.6070,0
magic.6072,0
magic.6075,0
magic.6078,0
magic.6081,0
magic.6082,0
magic.6083,0
magic.6085,0
magic.6087,0
magic.6094,0
magic.6097,0
magic.6102,31
magic.6105,0
magic.6108,0
magic.6114,11
magic.6117,1
magic.6120,0
magic.6123,22
magic.6124,0
magic.6127,3
magic.6129,3
magic.6136,0
magic.6137,0
magic.6138,735
magic.6141,0
magic.6143,0
magic.6144,0
magic.6145,50
magic.6147,0
magic.6150,0
magic.6152,0
magic.6153,0
magic.6154,1
magic.6158,502
magic.6159,3
magic.6164,1
magic.6169,3
magic.6171,5
magic.6173,0
magic.6176,1
magic.6177,0
magic.6181,0
magic.6182,2
magic.6183,0
magic.6184,1
magic.6185,1
magic.6187,0
magic.6191,101
magic.6196,0
magic.6201,0
magic.6202,2
magic.6203,3
magic.6208,7
magic.6209,0
magic.6212,0
magic.6214,35
magic.6215,0
magic.6219,0
magic.6226,0
magic.6228,0
magic.6229,0
magic.6230,0
magic.6231,0
magic.6232,0
magic.6233,1
magic.6235,0
magic.6236,0
magic.6237,2
magic.6239,0
magic.6240,0
magic.6242,0
magic.6243,2
magic.6245,0
magic.6257,3
magic.6259,0
magic.6267,0
magic.6269,2
magic.6275,0
magic.6276,5
magic.6279,3
magic.6280,9
magic.6281,2
magic.6284,8
magic.6286,1
magic.6291,0
magic.6293,2
magic.6295,3
magic.6298,26
magic.6300,0
magic.6303,0
magic.6306,6
magic.6309,0
magic.6312,0
magic.6314,21
magic.6315,1
magic.6322,1
magic.6323,5
magic.6324,21
magic.6325,0
magic.6326,0
magic.6327,1
magic.6331,0
magic.6334,2
magic.6335,1
magic.6336,0
magic.6337,0
magic.6338,6
magic.6341,0
magic.6344,1
magic.6345,0
magic.6348,5
magic.6349,9
magic.6355,0
magic.6356,0
magic.6361,3
magic.6362,1
magic.6363,2
magic.6368,0
magic.6369,0
magic.6371,4
magic.6375,16
magic.6381,0
magic.6383,1
magic.6384,0
magic.6386,56
magic.6390,44
magic.6391,4
magic.6392,0
magic.6401,3
magic.6403,0
magic.6404,2
magic.6406,1
magic.6407,0
magic.6408,0
magic.6409,11
magic.6410,0
magic.6413,0
magic.6418,0
magic.6422,0
magic.6426,22
magic.6427,5
magic.6428,6
magic.6430,91
magic.6431,2
magic.6436,18
magic.6439,0
magic.6442,0
magic.6444,29
magic.6449,1
magic.6451,0
magic.6452,3
magic.6457,0
magic.6463,3
magic.6465,24
magic.6469,0
magic.6470,18
magic.6471,1
magic.6480,20
magic.6485,9
magic.6486,1
magic.6488,6
magic.6490,1
magic.6492,0
magic.6494,7
magic.6497,0
magic.6501,9
magic.6502,15
magic.6503,1
magic.6504,1
magic.6506,2
magic.6516,0
magic.6519,1
magic.6521,0
magic.6527,0
magic.6529,0
magic.6530,2
magic.6535,0
magic.6536,1
magic.6538,2
magic.6539,1
magic.6541,5
magic.6542,0
magic.6547,1
magic.6549,101
magic.6551,2
magic.6553,0
magic.6555,2
magic.6556,3
magic.6558,2
magic.6559,0
magic.6561,1
magic.6564,1
magic.6569,3
magic.6571,1
magic.6574,0
magic.6581,2
magic.6582,0
magic.6584,6
magic.6585,3
magic.6587,2
magic.6588,3
magic.6589,9
magic.6590,2
magic.6591,4
magic.6592,0
magic.6593,0
magic.6594,2
magic.6595,26
magic.6597,1
magic.6598,0
magic.6599,0
magic.6600,0
